Player,Prediction
Giannis Antetokounmpo,36.90164103500665
Jaylen Brown,36.90164103500665
Jalen Brunson,36.90164103500665
Stephen Curry,36.90164103500665
Anthony Davis,36.90164103500665
DeMar DeRozan,36.90164103500665
Luka Dončić,36.90164103500665
Kevin Durant,36.90164103500665
Anthony Edwards,36.90164103500665
De'Aaron Fox,36.90164103500665
