Player,Prediction
Jayson Tatum,24.69434321535191
Nikola Jokić,24.387874662075223
Shai Gilgeous-Alexander,15.665356625650386
Giannis Antetokounmpo,14.922343435810276
Anthony Edwards,14.023612310731812
