Player,Prediction
Victor Wembanyama,31.372543152107717
Chet Holmgren,28.02528976989471
Brandon Miller,24.440200174895097
Keyonte George,4.754215112037794
Scoot Henderson,3.3816824259464706
